n,add_total_s,lookup_total_s,add_us_per_op,lookup_us_per_op
1000,0.003290993015980348,0.003195759985828772,3.290993015980348,3.195759985828772
10000,0.03230064600938931,0.03185710500110872,3.230064600938931,3.185710500110872
100000,0.30001275302493013,0.3050484439881984,3.0001275302493013,3.050484439881984
500000,1.522344010998495,1.5484275079797953,3.04468802199699,3.0968550159595907
