n,add_total_s,lookup_total_s,add_us_per_op,lookup_us_per_op
1000,0.0032421609794255346,0.0031266739824786782,3.2421609794255346,3.1266739824786782
10000,0.031363660003989935,0.03152387001318857,3.1363660003989935,3.152387001318857
100000,0.3150066939997487,0.31591666099848226,3.1500669399974868,3.1591666099848226
500000,1.5908351819962263,1.5810563190025277,3.1816703639924526,3.1621126380050555
