n,add_total_s,lookup_total_s,add_us_per_op,lookup_us_per_op
1000,0.01608739999937825,0.014955800001189345,16.08739999937825,14.955800001189345
10000,0.1545986000000994,0.1690468000015244,15.45986000000994,16.90468000015244
100000,1.2922201000001223,1.4011711000002833,12.922201000001223,14.011711000002833
500000,7.0486846000003425,5.830149299999903,14.097369200000685,11.660298599999805
