n,hit_us,miss_us
10000,10.275019999971846,12.788759999966715
50000,12.016294000059133,6.662391999998363
100000,7.8307450000284,9.525552999984939
250000,8.593516399996588,8.618455199990422
