n,set_bytes,bloom_bytes,compression_ratio
1000,81874,1198,68.34223706176962
10000,1023394,11981,85.41807862448877
100000,9283410,119813,77.48249355245257
500000,42666322,599066,71.22140465324355
