n,hit_us,miss_us
10000,2.9090258001815528,2.7099408995127305
50000,2.888750800048001,2.7055233396822587
100000,2.8783397801453248,2.7217405100236647
250000,2.8844708079705015,2.7190306840930134
