n,hit_us,miss_us
10000,2.994325800682418,2.8210239979671314
50000,2.9802136594662443,2.7460571395931765
100000,2.9237535200081766,2.7836244797799736
250000,2.927108924021013,2.8106880800332874
